{
	"start":	{
		"connected":	[{
				"socket":	5,
				"local_host":	"192.168.1.101",
				"local_port":	63531,
				"remote_host":	"212.162.155.103",
				"remote_port":	5201
			}],
		"version":	"iperf 3.19.1",
		"system_info":	"CYGWIN_NT-10.0-19045 STARLIGHT 3.6.4-1.x86_64 2025-07-15 07:55 UTC x86_64",
		"timestamp":	{
			"time":	"Thu, 31 Jul 2025 16:47:30 GMT",
			"timesecs":	1753980450
		},
		"connecting_to":	{
			"host":	"vkosarev.name",
			"port":	5201
		},
		"cookie":	"m527m77xxt3czg2eyjh3kdvxzc365agm4kxy",
		"tcp_mss_default":	1436,
		"target_bitrate":	0,
		"fq_rate":	0,
		"sock_bufsize":	0,
		"sndbuf_actual":	65536,
		"rcvbuf_actual":	65536,
		"test_start":	{
			"protocol":	"TCP",
			"num_streams":	1,
			"blksize":	131072,
			"omit":	0,
			"duration":	10,
			"bytes":	0,
			"blocks":	0,
			"reverse":	0,
			"tos":	0,
			"target_bitrate":	0,
			"bidir":	0,
			"fqrate":	0,
			"interval":	1
		}
	},
	"intervals":	[{
			"streams":	[{
					"socket":	5,
					"start":	0,
					"end":	1.00351,
					"seconds":	1.0035099983215332,
					"bytes":	15335424,
					"bits_per_second":	122254279.68351063,
					"omitted":	false,
					"sender":	true
				}],
			"sum":	{
				"start":	0,
				"end":	1.00351,
				"seconds":	1.0035099983215332,
				"bytes":	15335424,
				"bits_per_second":	122254279.68351063,
				"omitted":	false,
				"sender":	true
			}
		}, {
			"streams":	[{
					"socket":	5,
					"start":	1.00351,
					"end":	2.010562,
					"seconds":	1.007051944732666,
					"bytes":	32768000,
					"bits_per_second":	260308320.11310923,
					"omitted":	false,
					"sender":	true
				}],
			"sum":	{
				"start":	1.00351,
				"end":	2.010562,
				"seconds":	1.007051944732666,
				"bytes":	32768000,
				"bits_per_second":	260308320.11310923,
				"omitted":	false,
				"sender":	true
			}
		}, {
			"streams":	[{
					"socket":	5,
					"start":	2.010562,
					"end":	3.009193,
					"seconds":	0.99863100051879883,
					"bytes":	34209792,
					"bits_per_second":	274053515.12002069,
					"omitted":	false,
					"sender":	true
				}],
			"sum":	{
				"start":	2.010562,
				"end":	3.009193,
				"seconds":	0.99863100051879883,
				"bytes":	34209792,
				"bits_per_second":	274053515.12002069,
				"omitted":	false,
				"sender":	true
			}
		}, {
			"streams":	[{
					"socket":	5,
					"start":	3.009193,
					"end":	4.01142,
					"seconds":	1.0022269487380981,
					"bytes":	35651584,
					"bits_per_second":	284578929.31247824,
					"omitted":	false,
					"sender":	true
				}],
			"sum":	{
				"start":	3.009193,
				"end":	4.01142,
				"seconds":	1.0022269487380981,
				"bytes":	35651584,
				"bits_per_second":	284578929.31247824,
				"omitted":	false,
				"sender":	true
			}
		}, {
			"streams":	[{
					"socket":	5,
					"start":	4.01142,
					"end":	5.002132,
					"seconds":	0.99071198701858521,
					"bytes":	34340864,
					"bits_per_second":	277302501.23121428,
					"omitted":	false,
					"sender":	true
				}],
			"sum":	{
				"start":	4.01142,
				"end":	5.002132,
				"seconds":	0.99071198701858521,
				"bytes":	34340864,
				"bits_per_second":	277302501.23121428,
				"omitted":	false,
				"sender":	true
			}
		}, {
			"streams":	[{
					"socket":	5,
					"start":	5.002132,
					"end":	6.003168,
					"seconds":	1.0010360479354858,
					"bytes":	33423360,
					"bits_per_second":	267110141.08977661,
					"omitted":	false,
					"sender":	true
				}],
			"sum":	{
				"start":	5.002132,
				"end":	6.003168,
				"seconds":	1.0010360479354858,
				"bytes":	33423360,
				"bits_per_second":	267110141.08977661,
				"omitted":	false,
				"sender":	true
			}
		}, {
			"streams":	[{
					"socket":	5,
					"start":	6.003168,
					"end":	7.00217,
					"seconds":	0.999001979827881,
					"bytes":	30277632,
					"bits_per_second":	242463039.00391921,
					"omitted":	false,
					"sender":	true
				}],
			"sum":	{
				"start":	6.003168,
				"end":	7.00217,
				"seconds":	0.999001979827881,
				"bytes":	30277632,
				"bits_per_second":	242463039.00391921,
				"omitted":	false,
				"sender":	true
			}
		}, {
			"streams":	[{
					"socket":	5,
					"start":	7.00217,
					"end":	8.014996,
					"seconds":	1.0128259658813477,
					"bytes":	35258368,
					"bits_per_second":	278494976.92779738,
					"omitted":	false,
					"sender":	true
				}],
			"sum":	{
				"start":	7.00217,
				"end":	8.014996,
				"seconds":	1.0128259658813477,
				"bytes":	35258368,
				"bits_per_second":	278494976.92779738,
				"omitted":	false,
				"sender":	true
			}
		}, {
			"streams":	[{
					"socket":	5,
					"start":	8.014996,
					"end":	9.015462,
					"seconds":	1.000465989112854,
					"bytes":	30408704,
					"bits_per_second":	243156323.80038741,
					"omitted":	false,
					"sender":	true
				}],
			"sum":	{
				"start":	8.014996,
				"end":	9.015462,
				"seconds":	1.000465989112854,
				"bytes":	30408704,
				"bits_per_second":	243156323.80038741,
				"omitted":	false,
				"sender":	true
			}
		}, {
			"streams":	[{
					"socket":	5,
					"start":	9.015462,
					"end":	10.001277,
					"seconds":	0.98581498861312866,
					"bytes":	32112640,
					"bits_per_second":	260597701.36120114,
					"omitted":	false,
					"sender":	true
				}],
			"sum":	{
				"start":	9.015462,
				"end":	10.001277,
				"seconds":	0.98581498861312866,
				"bytes":	32112640,
				"bits_per_second":	260597701.36120114,
				"omitted":	false,
				"sender":	true
			}
		}],
	"end":	{
		"streams":	[{
				"sender":	{
					"socket":	5,
					"start":	0,
					"end":	10.001277,
					"seconds":	10.001277,
					"bytes":	313786368,
					"bits_per_second":	250997042.07772666,
					"sender":	true
				},
				"receiver":	{
					"socket":	5,
					"start":	0,
					"end":	10.086514,
					"seconds":	10.001277,
					"bytes":	312870245,
					"bits_per_second":	248149356.65582779,
					"sender":	true
				}
			}],
		"sum_sent":	{
			"start":	0,
			"end":	10.001277,
			"seconds":	10.001277,
			"bytes":	313786368,
			"bits_per_second":	250997042.07772666,
			"sender":	true
		},
		"sum_received":	{
			"start":	0,
			"end":	10.086514,
			"seconds":	10.086514,
			"bytes":	312870245,
			"bits_per_second":	248149356.65582779,
			"sender":	true
		},
		"cpu_utilization_percent":	{
			"host_total":	5.3281412905968262,
			"host_user":	0.1463775079834293,
			"host_system":	5.1817637826133964,
			"remote_total":	10.528236535375553,
			"remote_user":	0.66464800325027151,
			"remote_system":	9.8635786179247553
		},
		"receiver_tcp_congestion":	"cubic"
	}
}
